COMPUTE_CENTROID	GM_NAAM	BEV_DICHTH	P_MAROKKO	OPP_LAND	P_15_24_JR	P_00_14_JR	P_ANT_ARU	P_45_64_JR	P_OVER_NW	GEM_HH_GR	P_GESCHEID	P_SURINAM	P_65_EO_JR	WATER	P_EENP_HH	P_GEHUWD	P_HH_M_K	P_WEST_AL	STED	AANT_MAN	P_VERWEDUW	OPP_TOT	P_TURKIJE	AANTAL_HH	OAD	OPP_WATER	P_25_44_JR	AANT_VROUW	P_ONGEHUWD	P_HH_Z_K	P_N_W_AL	AANT_INW	GM_CODE
537.4671010952704 713.9358842284106	Appingedam	503	0	2378	10	15	1	30	2	2.1	9	1	24	NEE	37	42	31	7	3	5802	7	2458	2	5600	1045	80	21	6169	42	32	6	11971	GM0003
499.72004114691 707.6494054379298	Bedum	235	0	4454	12	16	0	30	2	2.3	6	0	21	NEE	29	45	36	4	4	5241	5	4496	0	4399	678	41	21	5238	44	35	3	10479	GM0005
579.5037113326084 660.131004873329	Bellingwedde	82	0	10837	9	13	0	33	2	2.2	8	0	27	NEE	30	48	30	8	5	4534	7	11009	0	3989	151	172	18	4385	37	40	3	8919	GM0007
513.9337179993131 703.8910107849536	Ten Boer	161	0	4531	11	18	0	30	2	2.4	6	0	20	NEE	27	43	40	4	5	3607	6	4573	0	2958	371	42	21	3681	44	33	3	7288	GM0009
549.5480750914062 714.9026827732315	Delfzijl	188	0	13313	10	14	2	31	4	2.1	8	1	24	NEE	36	44	31	8	4	12560	7	22750	2	11527	680	9437	20	12405	41	33	10	24965	GM0010
497.9743271391348 689.7400963532075	Groningen	2125	1	9534	24	12	2	21	7	1.6	7	2	12	NEE	62	22	18	12	1	101315	3	10150	1	122280	3448	616	30	101321	68	21	12	202636	GM0014
451.38448006310705 685.3586937583887	Grootegast	140	0	8671	12	18	0	30	1	2.5	5	0	17	NEE	26	44	42	2	5	6193	5	8774	0	4821	230	103	22	5973	47	32	1	12166	GM0015
505.41322097656126 672.6111237382236	Haren	431	0	4542	10	17	0	29	4	2.2	7	0	26	NEE	36	42	32	8	4	9329	7	5073	0	8707	865	532	18	10241	44	32	5	19570	GM0017
522.8657449884458 671.1217139472959	Hoogezand-Sappemeer	515	1	6646	11	15	1	29	3	2.1	9	4	22	NEE	37	40	32	7	3	16906	7	7299	3	15716	1249	653	22	17326	45	31	12	34232	GM0018
465.9732707382185 674.19952767602	Leek	311	0	6318	11	17	0	30	2	2.3	7	1	21	NEE	30	44	36	5	4	9694	6	6428	0	8330	735	110	21	9949	44	34	3	19643	GM0022
519.1514326223418 719.4780880626836	Loppersum	89	0	11104	11	16	0	33	1	2.3	7	0	21	NEE	32	44	33	4	5	5021	6	11199	0	4342	208	95	20	4893	43	35	2	9914	GM0024
452.0587805687208 670.5393874559477	Marum	161	0	6446	13	16	0	32	2	2.4	6	0	18	NEE	26	44	40	4	5	5364	5	6489	0	4241	336	43	21	5024	45	33	2	10388	GM0025
296.67519288793955 473.90201708793893	Almere	1555	4	12924	13	19	2	30	11	2.4	9	11	10	NEE	32	36	44	10	2	99673	3	24877	2	84009	1578	11953	28	101241	52	24	30	200914	GM0034
563.3445370376674 635.5986780115655	Stadskanaal	274	0	11764	11	15	0	29	3	2.2	8	0	24	NEE	35	44	32	5	4	16003	8	11994	0	14554	839	231	21	16249	40	34	3	32252	GM0037
530.089307963583 693.6242374414384	Slochteren	110	0	13402	11	16	0	33	1	2.3	6	0	19	NEE	28	45	37	4	5	7515	5	14115	0	6272	221	713	20	7222	44	35	2	14737	GM0040
543.22728842739 656.9109507453611	Veendam	362	0	7600	11	15	0	30	2	2.2	8	1	22	NEE	33	43	34	5	4	13627	7	7868	3	12450	995	268	22	13900	42	33	7	27527	GM0047
580.0942494974722 625.2791678655443	Vlagtwedde	95	0	16740	10	14	0	31	3	2.2	8	0	25	NEE	33	45	30	5	5	7939	8	17056	0	7084	353	316	19	7969	39	37	4	15908	GM0048
327.98891675498214 468.5712827041823	Zeewolde	91	0	24748	15	19	0	31	4	2.4	7	1	12	NEE	31	43	41	12	4	11549	3	26886	0	9274	797	2137	24	10908	47	28	6	22457	GM0050
486.15745352825536 716.1443264055013	Winsum	134	0	10110	11	18	0	31	2	2.3	7	0	21	NEE	31	44	36	5	5	6704	5	10253	0	5847	432	144	19	6892	44	33	3	13596	GM0053
466.4102088447108 701.7275420689889	Zuidhorn	150	0	12548	11	19	0	28	2	2.4	6	0	19	NEE	28	45	40	4	5	9427	5	12837	0	7606	411	289	22	9432	45	32	3	18859	GM0056
415.1446337110627 722.9725398356153	Dongeradeel	144	0	16651	12	18	0	29	2	2.3	7	0	21	NEE	34	42	35	3	4	11947	6	26692	0	10283	555	10040	21	11954	45	31	2	23901	GM0058
431.81629312738954 687.1468839203905	Achtkarspelen	273	0	10226	12	18	0	28	2	2.4	6	0	19	NEE	29	43	39	2	5	14185	6	10398	0	11608	426	172	23	13708	45	32	2	27893	GM0059
373.1596431966707 745.21179587107	Ameland	62	0	5865	9	17	0	28	1	2.2	5	0	22	NEE	36	44	30	5	5	1799	6	26850	0	1649	250	20984	23	1834	45	34	2	3633	GM0060
357.7031905938919 702.3908950572101	het Bildt	114	0	9233	11	17	0	30	4	2.3	7	0	20	NEE	34	42	34	5	5	5335	6	11648	0	4515	293	2415	21	5158	45	32	4	10493	GM0063
340.6207925498108 681.4641964854123	Franekeradeel	197	0	10259	11	16	0	30	2	2.2	7	0	21	NEE	34	42	33	6	4	10167	6	10917	0	8999	695	658	22	10048	45	32	3	20215	GM0070
327.91731222357527 676.2178770351622	Harlingen	635	1	2496	11	16	0	29	3	2.1	9	1	23	NEE	39	40	31	8	3	7993	6	38767	0	7426	1033	36270	21	7867	44	30	4	15860	GM0072
407.4519446282956 631.6631186120206	Heerenveen	264	1	19013	11	17	0	29	3	2.2	8	1	21	NEE	35	40	34	6	3	24897	6	19817	1	22534	1073	804	23	25306	46	31	6	50203	GM0074
435.9621560370118 707.4361974493462	Kollumerland en Nieuwkruisland	117	0	10960	12	18	0	29	2	2.4	6	0	19	NEE	30	43	38	2	5	6590	5	11635	0	5326	366	675	22	6282	46	32	2	12872	GM0079
384.2994851838136 670.9933661530415	Leeuwarden	704	1	15441	16	15	1	26	6	1.9	9	1	17	NEE	48	32	26	8	2	53831	5	17023	0	56053	2206	1582	26	54836	55	26	10	108667	GM0080
377.0739954984218 697.7566599096966	Leeuwarderadeel	247	0	4090	11	16	0	31	3	2.3	6	0	22	NEE	27	47	36	4	4	5041	5	4146	0	4205	547	57	20	5067	42	37	4	10108	GM0081
453.5602227330449 628.7275196889079	Ooststellingwerf	114	0	22397	11	15	0	31	2	2.2	8	0	23	NEE	32	43	34	4	5	12777	6	22611	0	11134	479	215	21	12763	43	34	2	25540	GM0085
427.67325541795174 645.1579866563799	Opsterland	132	0	22448	12	17	0	31	2	2.3	7	0	20	NEE	30	43	37	4	5	14879	6	22764	0	12419	399	316	20	14839	44	33	3	29718	GM0086
443.55271554032464 756.101513603032	Schiermonnikoog	25	0	3704	10	12	1	31	1	1.8	9	0	28	NEE	48	42	21	7	5	483	7	19907	0	509	311	16203	20	458	41	31	2	941	GM0088
416.3895872954652 661.1433703738065	Smallingerland	473	0	11766	12	17	1	28	4	2.2	8	1	20	NEE	35	41	34	5	3	27712	6	12617	0	24556	1335	851	23	27983	46	30	5	55695	GM0090
309.6570369608917 732.003275208403	Terschelling	58	0	8345	17	12	0	28	1	1.9	8	0	22	NEE	49	38	23	5	5	2579	6	67399	0	2572	241	59054	21	2280	48	28	2	4859	GM0093
256.47244732322616 697.8843002877369	Vlieland	31	0	3544	12	13	0	34	1	1.8	9	0	19	NEE	48	38	21	9	5	533	5	31580	0	580	197	28036	23	552	48	31	2	1085	GM0096
413.7098485464814 601.613661377934	Weststellingwerf	116	1	22071	11	16	0	30	2	2.2	7	0	23	NEE	32	44	34	4	4	12765	7	22845	0	11192	675	773	21	12843	43	35	4	25608	GM0098
494.203359800134 634.0417528096266	Assen	825	0	8188	11	17	1	29	5	2.2	9	1	19	NEE	38	39	34	8	2	33368	5	8345	1	30587	1538	157	24	34183	47	29	7	67551	GM0106
523.1287179181469 569.1841172835938	Coevorden	119	0	29596	11	16	0	31	3	2.3	7	0	23	NEE	31	45	34	5	5	17594	7	29969	0	15322	488	373	20	17692	41	35	3	35286	GM0109
557.4194237456004 572.2311478518636	Emmen	321	0	33517	11	15	0	30	3	2.2	8	0	22	NEE	34	42	34	7	4	53461	7	34626	1	48284	846	1109	22	54029	43	33	5	107490	GM0114
489.4190398558439 564.3095681825503	Hoogeveen	434	0	12752	11	17	0	27	3	2.3	7	0	21	NEE	33	43	35	6	3	27587	6	12925	1	23840	1175	173	24	27724	44	31	5	55311	GM0118
440.8383813882431 561.8662733613629	Meppel	594	2	5555	11	17	0	29	3	2.2	8	1	19	NEE	35	41	34	5	3	16137	5	5703	0	14771	1255	147	24	16888	45	30	6	33025	GM0119
358.5717774234447 663.7400918554277	Littenseradiel	82	0	13067	12	18	0	31	2	2.4	6	0	19	NEE	29	43	38	3	5	5495	5	13264	0	4443	130	198	21	5251	46	34	2	10746	GM0140
513.0469676026263 470.7560457701735	Almelo	1077	1	6731	12	17	0	28	6	2.2	8	0	19	NEE	36	40	36	10	2	36165	6	6941	8	31997	1569	210	24	36314	46	28	15	72479	GM0141
526.2993030219967 462.09276749593755	Borne	877	0	2600	11	18	0	28	3	2.4	6	0	21	NEE	28	45	38	7	3	11411	6	2616	1	9548	1216	16	23	11384	43	34	5	22795	GM0147
454.0497256308765 511.6467307366156	Dalfsen	170	0	16512	12	18	0	30	2	2.5	4	0	20	NEE	26	47	40	3	5	14220	5	16652	0	11205	495	140	21	13850	43	35	2	28070	GM0148
448.53271709701585 449.87005137569633	Deventer	757	0	13125	12	17	1	28	4	2.2	8	1	17	NEE	38	38	34	9	2	49064	5	13433	7	45411	1767	308	26	50231	49	28	13	99295	GM0150
547.3608971022496 439.5899531971521	Enschede	1122	1	14099	15	15	1	26	7	2.0	8	1	17	NEE	45	35	29	12	2	80488	5	14272	6	77572	2082	173	26	77652	52	26	16	158140	GM0153
528.9272660410553 422.8755193037595	Haaksbergen	232	0	10482	11	16	0	31	2	2.4	6	0	22	NEE	28	45	38	7	3	12186	6	10550	3	10051	1008	68	20	12086	43	34	5	24272	GM0158
499.1858567904317 530.0492264702641	Hardenberg	193	0	31226	13	18	0	28	2	2.5	5	0	18	NEE	27	45	41	4	4	30458	5	31715	0	23720	541	489	23	29753	45	32	3	60211	GM0160
481.12346782010695 479.87512978917493	Hellendoorn	259	0	13798	11	17	0	29	2	2.4	5	0	21	NEE	27	46	39	4	4	17892	6	13899	0	14466	803	102	22	17880	43	34	3	35772	GM0163
531.8875824454019 447.8204689966905	Hengelo	1327	0	6089	12	16	1	28	5	2.2	8	1	19	NEE	38	40	33	10	2	40475	6	6183	6	37072	1808	94	24	40327	47	29	13	80802	GM0164
401.2579508199249 521.3529632602609	Kampen	369	0	14227	13	20	0	26	3	2.4	5	0	16	NEE	31	45	39	4	3	26179	4	16179	2	21349	1444	1952	25	26332	45	30	5	52511	GM0166
566.1118018145119 460.5251715615206	Losser	228	0	9876	11	16	0	31	2	2.4	6	0	22	NEE	27	46	38	11	4	11312	6	9962	1	9258	735	86	20	11170	42	36	3	22482	GM0168
376.0414222186648 560.46978632411	Noordoostpolder	101	1	46005	12	19	1	28	4	2.4	6	0	17	NEE	30	44	38	7	4	23662	4	59542	1	18890	733	13537	24	22882	46	32	7	46544	GM0171
552.0154368913898 461.45084476794835	Oldenzaal	1485	0	2155	11	17	0	28	3	2.3	7	0	22	NEE	33	43	36	8	3	15886	6	2195	4	13904	1449	40	22	16120	44	32	8	32006	GM0173
478.1878785821218 512.3208467139939	Ommen	97	0	17996	11	17	0	29	3	2.4	5	0	21	NEE	30	46	36	5	5	8855	6	18201	0	7225	482	206	22	8676	43	34	3	17531	GM0175
454.8045750281801 479.88512244177736	Raalte	216	0	17103	12	16	0	31	2	2.4	5	0	21	NEE	27	45	38	3	4	18547	6	17229	1	15146	646	126	20	18357	44	35	3	36904	GM0177
443.08539421495766 541.2552166469562	Staphorst	124	0	13418	15	23	0	24	1	2.9	3	0	15	NEE	23	47	49	2	5	8549	4	13569	0	5702	353	151	23	8142	46	28	2	16691	GM0180
530.90637058407 486.78103959288535	Tubbergen	144	0	14701	14	18	0	31	1	2.6	3	0	17	NEE	24	46	46	3	5	10797	6	14744	0	7920	275	43	20	10356	45	30	1	21153	GM0183
354.1173358936969 548.8060102733964	Urk	1757	1	1151	17	29	0	19	1	3.3	2	0	9	NEE	19	45	58	1	3	10192	3	10991	0	6032	1057	9840	26	10028	50	23	2	20220	GM0184
498.10573104770083 469.63977258290515	Wierden	256	0	9473	12	18	0	28	2	2.6	4	0	20	NEE	24	48	42	5	4	12092	6	9539	1	9409	697	66	22	12133	42	34	2	24225	GM0189
429.8634784086277 512.3667583866919	Zwolle	1128	1	11131	13	18	1	25	5	2.1	7	1	15	NEE	41	36	32	7	2	61727	4	11936	2	58000	1973	805	29	63821	52	27	10	125548	GM0193
426.33396078711337 352.78253751670854	Rijnwaarden	274	0	3960	11	15	0	33	2	2.3	7	0	20	NEE	29	45	37	9	5	5388	7	4811	0	4675	379	851	21	5464	42	34	3	10852	GM0196
499.8100587625233 363.83954039229207	Aalten	280	0	9654	11	16	0	31	2	2.3	5	0	21	NEE	30	44	36	8	4	13625	6	9705	1	11302	782	52	21	13422	45	35	4	27047	GM0197
400.4710276658994 429.7905662368463	Apeldoorn	471	1	33990	11	16	1	29	4	2.2	8	1	20	NEE	35	41	34	8	2	79491	5	34115	3	71199	1710	125	23	80556	45	31	9	160047	GM0200
396.28984112115165 382.5187774298781	Arnhem	1590	2	9791	13	16	2	26	8	2.0	9	2	15	NEE	47	31	29	12	2	77707	4	10154	5	77989	2128	363	30	77992	56	24	20	155699	GM0202
357.4046345874664 424.1594601989769	Barneveld	320	0	17594	14	22	0	25	2	2.6	4	0	16	NEE	28	46	42	4	4	28056	4	17666	1	21104	824	72	24	28320	45	30	4	56376	GM0203
372.92568867862974 347.7563399510522	Beuningen	582	0	4365	11	15	0	33	3	2.3	7	1	18	NEE	27	45	39	7	4	12697	5	4709	0	10810	977	344	22	12727	43	33	5	25424	GM0209
430.92004822054116 409.80813583043454	Brummen	248	0	8396	11	14	0	31	2	2.3	7	0	24	NEE	28	47	35	6	4	10282	7	8501	3	9030	760	105	19	10561	40	37	6	20843	GM0213
320.7494458587509 366.527350873139	Buren	197	0	13405	11	17	0	32	2	2.4	6	0	19	NEE	25	47	40	6	5	13212	5	14292	0	10693	270	887	21	13136	42	35	2	26348	GM0214
290.85577726068027 368.4229812852631	Culemborg	951	7	2929	12	17	1	31	3	2.3	8	1	17	NEE	32	41	39	9	3	13861	5	3114	1	11917	1445	186	23	14003	46	29	14	27864	GM0216
435.53303489577524 387.2500709982055	Doesburg	982	0	1155	12	14	0	32	3	2.2	10	1	23	NEE	34	43	34	9	4	5544	6	1296	6	5207	852	141	20	5797	41	32	10	11341	GM0221
457.3022805095462 373.00814945015605	Doetinchem	722	0	7905	11	16	0	30	3	2.2	8	0	20	NEE	34	41	35	7	3	28259	6	7966	3	25165	1127	60	23	28809	46	31	7	57068	GM0222
353.0597239536482 350.73027219661606	Druten	492	0	3770	12	16	0	31	2	2.4	7	0	18	NEE	27	43	39	6	4	9245	5	4246	3	7610	792	476	22	9318	46	34	6	18563	GM0225
415.80991308613693 369.00666919162626	Duiven	749	0	3390	13	16	0	34	3	2.4	8	1	17	NEE	27	45	41	8	3	12528	5	3519	1	10608	1148	129	20	12870	42	33	5	25398	GM0226
370.77221533764174 401.2174615267733	Ede	356	2	31822	14	18	0	27	3	2.3	6	1	18	NEE	35	44	36	7	3	55914	5	31862	2	47667	1460	40	24	57507	45	30	8	113421	GM0228
389.0506248504767 485.31772966800827	Elburg	361	0	6382	12	19	0	27	2	2.5	5	0	19	NEE	26	48	41	3	4	11468	5	6591	0	9016	661	209	23	11558	42	33	3	23026	GM0230
405.2909670995678 463.7855670010294	Epe	208	0	15623	11	15	0	30	2	2.3	7	0	24	NEE	30	47	35	6	4	16131	7	15737	3	13958	720	114	20	16406	40	35	5	32537	GM0232
361.35128638858936 454.063380571209	Ermelo	311	0	8563	12	15	0	29	3	2.3	7	0	23	NEE	33	45	34	6	4	13178	5	8733	1	10949	843	169	21	13412	42	33	4	26590	GM0233
292.45671404425457 353.9183810789743	Geldermalsen	266	1	9987	12	18	0	30	2	2.5	6	0	19	NEE	26	46	41	5	4	13179	5	10173	0	10564	598	186	21	13408	43	34	4	26587	GM0236
359.3081382579882 467.01431516915727	Harderwijk	1193	3	3886	12	18	0	27	3	2.3	8	0	17	NEE	33	43	38	7	2	22913	5	4827	5	19690	1507	941	25	23439	45	30	11	46352	GM0243
420.0233640346187 501.2797943490614	Hattem	522	0	2308	11	18	0	28	2	2.4	6	0	22	NEE	28	48	37	4	4	5931	6	2416	0	4991	842	108	21	6109	40	34	3	12040	GM0244
419.7325267794437 484.0728868416125	Heerde	236	0	7874	11	16	0	30	2	2.4	5	0	22	NEE	26	51	37	3	4	9146	6	8042	0	7557	607	168	21	9415	38	37	3	18561	GM0246
385.1717953399118 326.56428759364564	Heumen	414	0	3982	12	15	0	33	3	2.3	7	0	22	NEE	30	45	37	9	4	8159	5	4154	0	7010	790	171	18	8316	42	33	4	16475	GM0252
465.87985272404404 427.8670380791673	Lochem	157	1	21314	10	15	0	31	2	2.3	6	0	27	NEE	30	47	32	6	4	16569	7	21594	1	14594	592	281	17	16976	40	38	4	33545	GM0262
304.19061232953453 325.9641862859204	Maasdriel	367	1	6613	11	17	0	31	2	2.4	6	0	18	NEE	27	44	40	7	5	12300	6	7546	0	9912	480	933	23	11950	44	32	3	24250	GM0263
333.35611118234544 434.74964899649837	Nijkerk	602	2	6942	12	19	0	28	3	2.5	6	0	18	NEE	28	46	40	5	3	20803	5	7204	1	16796	1092	262	24	20972	43	31	6	41775	GM0267
387.9161703431185 341.7523817872287	Nijmegen	3238	2	5361	18	14	1	25	6	1.8	8	1	15	NEE	55	28	23	12	2	83965	4	5760	3	95084	2352	399	28	89592	60	22	14	173557	GM0268
402.3846299499124 496.61227072302364	Oldebroek	238	0	9765	12	18	0	29	2	2.5	4	0	18	NEE	25	51	41	3	4	11736	5	9884	0	9027	641	119	23	11520	40	34	2	23256	GM0269
348.4964439568301 442.888469787499	Putten	287	0	8521	13	18	0	28	2	2.5	5	0	20	NEE	28	48	40	5	4	12129	5	8750	0	9735	882	229	23	12299	41	33	3	24428	GM0273
379.6590789843711 379.53218760779924	Renkum	683	0	4595	9	15	0	31	3	2.1	8	0	27	NEE	37	43	30	10	4	15318	7	4723	1	14419	897	128	18	16073	42	33	5	31391	GM0274
420.7277515938229 390.82683588347356	Rheden	534	1	8177	11	14	0	29	3	2.0	9	0	26	NEE	40	41	29	9	3	21341	8	8435	2	20863	1452	258	20	22304	43	31	7	43645	GM0275
407.84054594047916 392.9686808042088	Rozendaal	54	0	2790	10	17	1	33	3	2.3	4	1	27	NEE	24	54	35	10	4	743	6	2792	0	640	889	2	13	755	36	40	5	1498	GM0277
335.67663048063343 404.33502221687	Scherpenzeel	704	0	1379	13	20	0	25	2	2.5	5	0	18	NEE	30	45	40	4	4	4810	5	1381	0	3833	880	3	23	4894	44	30	3	9704	GM0279
321.25322817246376 353.197408894405	Tiel	1262	5	3289	13	17	0	29	4	2.3	8	1	17	NEE	33	41	38	9	3	20645	5	3551	6	17811	1412	263	25	20843	46	29	16	41488	GM0281
427.6455138717474 438.9635214640385	Voorst	197	0	12308	11	16	0	31	2	2.4	6	0	22	NEE	27	45	36	5	4	12096	6	12647	1	9917	585	338	19	12103	43	37	3	24199	GM0285
360.92365542260876 375.40427407925074	Wageningen	1264	1	3042	23	13	0	22	10	1.7	6	1	15	NEE	61	30	19	14	2	18469	5	3236	0	22234	1924	194	27	19989	60	20	12	38458	GM0289
408.44765659271764 371.6911097277855	Westervoort	2133	1	703	11	15	1	34	5	2.2	9	1	17	NEE	30	44	38	9	3	7327	5	784	1	6615	1143	81	22	7664	42	33	8	14991	GM0293
525.1654693917073 376.3236082797605	Winterswijk	210	1	13795	11	16	0	30	3	2.2	7	0	22	NEE	33	43	34	9	3	14473	6	13882	2	12678	1181	86	21	14439	44	33	6	28912	GM0294
367.0304992412274 336.1947772983729	Wijchen	617	0	6621	11	17	1	31	2	2.3	7	1	19	NEE	29	44	38	7	3	20220	5	6956	1	17275	1190	335	22	20656	44	33	5	40876	GM0296
282.7004471619919 330.02617728918824	Zaltbommel	348	3	7961	13	19	0	28	2	2.5	6	0	17	NEE	28	45	41	6	4	13909	5	8904	0	10976	655	943	23	13819	45	31	6	27728	GM0297
426.1572351839076 372.35924683379176	Zevenaar	608	0	5327	10	15	0	29	2	2.2	8	1	24	NEE	33	44	33	10	3	15890	6	5800	2	14737	1253	473	22	16489	42	34	5	32379	GM0299
448.6326603833877 416.85341339498336	Zutphen	1156	1	4096	11	16	0	30	4	2.1	10	1	20	NEE	38	39	33	9	2	23223	5	4293	3	21701	1614	197	22	24117	46	29	9	47340	GM0301
379.447948165117 466.97996302153086	Nunspeet	209	0	12879	13	18	0	27	2	2.5	5	0	20	NEE	28	48	39	4	4	13300	5	12953	0	10496	749	74	22	13592	42	33	3	26892	GM0302
366.28469153151076 507.88701165431996	Dronten	122	1	33370	14	17	1	29	5	2.3	7	1	17	NEE	31	45	37	7	4	20502	4	42389	1	17112	762	9020	23	20244	44	32	8	40746	GM0303
302.03241448788145 340.76873273775055	Neerijnen	187	1	6599	12	19	0	30	2	2.6	5	0	17	NEE	24	46	43	5	5	6233	5	7290	0	4748	196	692	22	6111	44	34	3	12344	GM0304
317.82240895577576 425.4298974538258	Amersfoort	2459	3	6277	12	19	1	28	6	2.3	8	1	14	NEE	36	38	38	9	2	75943	4	6386	4	67135	2285	109	27	78394	50	26	15	154337	GM0307
299.2814136370122 433.00165984989184	Baarn	754	1	3254	10	16	1	30	4	2.1	9	1	23	NEE	38	39	32	9	2	11838	6	3301	2	11046	1598	47	21	12691	46	30	8	24529	GM0308
285.4201742155446 417.488383412978	De Bilt	647	2	6613	11	17	0	30	4	2.2	8	1	23	NEE	38	40	33	10	3	20434	7	6713	0	19234	1245	100	19	22320	45	29	8	42754	GM0310
291.92686009058013 392.2348418411769	Bunnik	410	1	3697	10	18	0	30	3	2.3	6	1	21	NEE	30	44	37	8	4	7505	5	3757	0	6446	652	60	20	7651	45	32	5	15156	GM0312
313.71636466337304 441.7089707524809	Bunschoten	690	0	3044	13	20	0	25	2	2.6	4	0	16	NEE	25	49	45	5	3	10493	4	3481	2	7958	1142	437	26	10527	42	30	5	21020	GM0313
301.68586633385206 444.52330841876454	Eemnes	290	0	3104	12	17	0	32	4	2.4	9	1	20	NEE	29	43	40	8	4	4434	4	3370	0	3788	890	267	20	4565	44	32	5	8999	GM0317
286.4628645045274 383.0321865272634	Houten	895	1	5507	11	20	0	32	4	2.5	6	2	13	NEE	27	43	44	7	3	24338	3	5899	0	19665	1470	391	24	24962	48	29	8	49300	GM0321
322.71392951153217 412.55787284108743	Leusden	506	1	5861	11	17	0	31	3	2.3	7	1	20	NEE	30	45	37	8	3	14594	5	5889	0	12687	1209	28	21	15083	43	33	5	29677	GM0327
249.94562934092568 378.5045949910358	Lopik	188	1	7566	14	18	0	31	2	2.6	5	0	16	NEE	26	45	43	4	5	7194	4	7898	0	5472	360	332	21	7014	46	31	4	14208	GM0331
249.81288814595092 394.11299093938936	Montfoort	368	1	3764	13	19	0	28	2	2.5	6	0	18	NEE	27	44	41	5	4	6943	4	3820	1	5551	743	56	22	6923	47	32	5	13866	GM0335
340.8789811555723 399.2438919630872	Renswoude	277	0	1842	13	22	0	25	2	2.7	5	0	15	NEE	24	47	45	4	5	2540	4	1851	0	1883	456	9	25	2561	44	31	2	5101	GM0339
344.9992369615787 377.18011702189085	Rhenen	466	2	4208	11	19	0	28	3	2.4	6	0	21	NEE	30	46	37	6	4	9654	5	4376	0	8016	891	168	22	9947	43	33	5	19601	GM0340
304.2107066287302 421.0682786840399	Soest	992	2	4624	11	17	1	29	4	2.3	8	1	22	NEE	34	43	35	9	3	22413	6	4643	5	20168	1461	19	21	23461	44	31	12	45874	GM0342
270.03242067649137 404.8791511216335	Utrecht	3644	9	9415	16	17	1	21	7	1.9	6	2	10	NEE	52	27	26	11	1	167587	3	9921	4	176592	3379	506	36	175451	64	21	22	343038	GM0344
344.2211127764189 387.91945329815155	Veenendaal	3299	5	1948	12	19	1	27	4	2.4	7	0	17	NEE	32	45	38	6	2	31707	5	1972	1	26773	2153	24	25	32566	44	30	12	64273	GM0345
324.2902175344253 402.27871413243497	Woudenberg	348	1	3653	12	20	0	27	3	2.5	5	0	19	NEE	27	46	41	5	4	6374	5	3682	0	4883	927	29	22	6327	44	32	5	12701	GM0351
308.63473303772827 379.2632596779068	Wijk bij Duurstede	493	1	4762	12	17	0	33	3	2.4	8	1	18	NEE	27	45	39	6	3	11578	4	5040	0	9830	1124	278	21	11924	43	34	5	23502	GM0352
262.8671252616335 389.03556702363073	IJsselstein	1621	4	2110	12	19	1	30	4	2.4	8	3	16	NEE	30	40	42	7	2	16652	4	2168	1	14218	1839	58	23	17556	47	29	13	34208	GM0353
297.85764473225515 407.5042895009015	Zeist	1295	6	4851	12	18	1	27	5	2.1	8	1	20	NEE	41	38	32	10	2	30527	5	4865	1	28424	1554	14	23	32303	49	27	14	62830	GM0355
273.04260737251036 389.7672343815819	Nieuwegein	2625	4	2357	11	16	1	29	6	2.2	9	4	19	NEE	36	41	34	10	2	30763	4	2565	1	28276	1901	207	25	31105	46	30	16	61868	GM0356
221.09751476637203 446.891934394626	Aalsmeer	1559	1	2013	11	19	0	29	4	2.4	6	1	18	NEE	29	42	41	11	4	15516	5	3229	0	12965	904	1216	23	15857	47	29	8	31373	GM0358
229.20885694390483 532.9663071487862	Alkmaar	981	2	11046	11	16	1	29	6	2.1	9	1	18	NEE	40	37	32	9	2	53659	5	11735	2	50917	2224	689	26	54714	49	28	13	108373	GM0361
235.97373886436648 454.6750487663206	Amstelveen	2167	2	4121	12	17	1	26	16	2.1	7	3	19	NEE	44	38	33	19	2	42739	5	4408	1	42756	2464	287	26	46555	49	23	22	89294	GM0362
242.1089412809295 475.502227121334	Amsterdam	5111	9	16533	13	15	1	25	12	1.8	9	8	12	NEE	55	24	24	17	1	418127	3	21949	5	462329	6004	5416	35	426820	64	20	35	844947	GM0363
246.44838251762675 521.8010081513646	Beemster	130	0	7058	11	16	0	31	2	2.4	6	1	20	NEE	28	43	38	6	4	4580	5	7207	0	3768	604	149	21	4625	46	34	4	9205	GM0370
209.13392849475287 548.4158650515208	Bergen (NH.)	307	0	9710	10	13	0	32	3	2.1	9	0	31	NEE	36	43	30	9	4	14385	7	12023	0	13657	796	2313	15	15459	40	33	3	29844	GM0373
206.15395469207803 503.7038374105709	Beverwijk	2223	1	1831	11	17	0	28	6	2.1	9	1	18	NEE	39	38	35	12	1	20322	5	2009	5	18747	2720	177	26	20387	48	27	14	40709	GM0375
298.6694912711724 451.945972326082	Blaricum	915	2	1115	9	17	0	29	4	2.2	9	1	26	NEE	31	45	34	11	3	4963	6	1556	1	4525	1015	441	19	5238	40	35	7	10201	GM0376
195.47128625858227 478.2134833180978	Bloemendaal	575	0	3972	11	18	1	31	3	2.3	7	0	26	NEE	32	43	36	13	3	10985	6	4523	0	9592	1056	550	15	11841	43	32	5	22826	GM0377
210.76341399700124 521.9137243499675	Castricum	711	0	4951	12	15	0	30	3	2.3	7	0	24	NEE	32	44	35	7	3	17254	6	6040	0	15386	1334	1089	19	17962	44	33	4	35216	GM0383
256.83537270175697 466.3586043969409	Diemen	2274	3	1199	16	15	2	26	11	2.0	8	9	16	NEE	47	32	31	15	2	13251	4	1404	3	13634	2377	205	26	14021	56	22	28	27272	GM0384
261.99603708666217 517.6246867813954	Edam-Volendam	659	1	5436	12	17	0	29	3	2.4	6	0	20	NEE	27	46	41	4	3	17911	5	8000	0	14587	1292	2564	22	17889	44	32	4	35800	GM0385
300.7074548711215 561.7987956506079	Enkhuizen	1457	1	1268	11	16	0	29	3	2.1	9	1	20	NEE	36	41	33	9	3	9294	5	11625	2	8506	1385	10356	24	9185	44	31	7	18479	GM0388
204.90687078147747 478.51602414779035	Haarlem	5459	3	2917	10	17	1	27	6	2.0	9	1	17	NEE	44	32	31	13	1	78031	5	3209	4	76799	3480	292	29	81198	54	25	15	159229	GM0392
214.89697040686224 483.31479506087476	Haarlemmerliede en Spaarnwoude	295	0	1922	12	15	0	33	4	2.3	7	2	18	NEE	29	42	40	8	4	2816	4	2119	0	2412	601	197	21	2849	47	31	6	5665	GM0393
210.20511054763344 456.8863108395017	Haarlemmermeer	819	2	17829	12	18	1	30	7	2.4	7	3	16	NEE	30	41	42	11	2	72638	4	18513	2	61165	1551	684	24	73365	47	28	15	146003	GM0394
205.38077081424257 510.68359269512814	Heemskerk	1439	1	2722	12	15	0	30	5	2.2	9	1	21	NEE	34	42	36	9	2	19201	6	3168	3	17333	2335	446	22	19970	43	30	10	39171	GM0396
199.87626236419825 468.89796983988106	Heemstede	2934	1	918	9	18	0	29	4	2.2	8	1	26	NEE	36	41	34	13	2	12661	7	964	0	11915	1735	46	18	14275	44	29	6	26936	GM0397
235.63984901985953 551.4961551262255	Heerhugowaard	1435	1	3828	12	19	1	27	6	2.4	7	2	17	NEE	30	41	40	9	2	27719	4	3999	2	22764	1678	171	26	27231	48	30	12	54950	GM0398
214.7648833890401 532.6070942490755	Heiloo	1222	0	1870	10	16	0	30	3	2.2	7	0	26	NEE	35	44	32	8	3	11309	7	1901	0	10310	1282	31	18	11548	42	33	4	22857	GM0399
222.4534449371723 613.3979771425115	Den Helder	1242	0	4510	11	15	2	30	5	2.0	10	1	21	NEE	40	41	31	10	2	27750	6	17880	0	26652	1696	13370	23	28270	43	30	10	56020	GM0400
284.5016196243045 437.89962212962604	Hilversum	1949	3	4561	11	17	1	27	6	2.1	8	1	19	NEE	42	36	32	13	1	43611	5	4635	3	42065	2668	73	26	45277	50	26	13	88888	GM0402
269.92480177130057 546.3213117421192	Hoorn	3560	2	2036	12	17	1	28	6	2.2	9	3	18	NEE	36	38	36	9	2	35734	5	5346	2	32738	1664	3309	25	36759	48	28	14	72493	GM0405
294.3602725653383 455.1308779493964	Huizen	2618	3	1581	11	16	0	31	4	2.2	9	1	21	NEE	34	43	36	10	2	20086	5	2332	2	18301	1978	752	20	21296	43	31	10	41382	GM0406
247.44775115894092 494.9798599789429	Landsmeer	501	1	2253	11	17	0	31	4	2.3	7	2	20	NEE	29	43	41	9	4	5437	5	2650	0	4836	997	398	21	5838	46	31	8	11275	GM0415
227.27874938685892 555.3750481390495	Langedijk	1155	1	2390	12	17	0	30	3	2.4	7	0	19	NEE	26	43	40	6	4	13709	4	2703	0	11325	911	313	22	13899	46	33	5	27608	GM0416
292.06789680733164 443.86690128351756	Laren	893	0	1241	9	16	0	30	4	2.2	10	0	31	NEE	36	42	32	14	3	5223	9	1241	0	4915	1085	0	15	5865	39	32	5	11088	GM0417
274.42559891035023 562.4931291174283	Medemblik	363	0	12145	12	17	0	30	2	2.4	7	0	20	NEE	30	43	37	8	4	22427	5	25756	1	18435	515	13611	22	21631	45	33	4	44058	GM0420
240.0406421743358 495.37522682002947	Oostzaan	837	1	1153	12	16	0	31	4	2.4	7	1	20	NEE	27	44	41	6	3	4732	5	1608	1	4050	1063	455	21	4920	44	32	7	9652	GM0431
252.2677652483307 561.2165133059976	Opmeer	275	0	4152	13	16	0	29	2	2.4	5	0	20	NEE	29	43	39	5	4	5792	5	4194	0	4694	503	43	21	5628	46	32	3	11420	GM0432
245.49548010105244 454.6363337139351	Ouder-Amstel	557	1	2408	11	18	1	31	7	2.2	7	3	20	NEE	35	38	37	12	3	6554	5	2578	1	5942	1237	171	21	6865	49	27	12	13419	GM0437
254.6465493627668 507.84931756666333	Purmerend	3446	2	2319	12	15	1	30	8	2.2	9	5	19	NEE	34	40	38	9	2	38973	5	2456	1	35669	2174	137	24	40955	46	28	17	79928	GM0439
221.25623377718634 578.7230410128262	Schagen	275	0	16773	12	16	0	29	3	2.3	8	0	23	NEE	32	43	35	7	4	23108	5	18728	0	20063	716	1955	21	23085	44	33	4	46193	GM0441
230.4112464239553 652.2442018429055	Texel	84	0	16218	11	14	0	32	3	2.1	8	0	23	NEE	36	44	30	7	5	6732	6	46316	0	6223	464	30098	19	6813	42	34	3	13545	GM0448
217.64459959690032 513.4470643320051	Uitgeest	703	0	1917	12	18	0	30	4	2.4	6	1	17	NEE	28	43	41	7	3	6761	4	2229	0	5562	1090	312	23	6704	47	31	5	13465	GM0450
226.5575334422803 441.6416475591043	Uithoorn	1602	3	1822	12	17	1	30	6	2.3	8	2	18	NEE	33	40	39	12	3	14403	5	1942	0	12728	1422	120	23	14798	46	28	12	29201	GM0451
202.47515354920088 495.0621221932377	Velsen	1509	1	4480	12	15	0	31	4	2.2	9	1	20	NEE	35	41	36	9	2	33541	6	6317	2	30406	1817	1837	22	34078	45	29	9	67619	GM0453
267.6965875439008 457.9753060119294	Weesp	822	6	2280	10	16	1	30	6	2.1	8	2	20	NEE	39	39	32	11	2	9062	5	2416	2	8764	1712	136	25	9689	48	29	15	18751	GM0457
188.90848159673766 472.32697802214165	Zandvoort	526	1	3211	9	13	1	31	5	2.0	12	1	26	NEE	43	37	29	14	2	8172	7	4397	1	8416	1799	1186	21	8727	45	28	8	16899	GM0473
224.29629714938488 498.23765050165923	Zaanstad	2080	3	7387	12	17	1	28	6	2.2	9	4	18	NEE	36	38	37	10	2	76014	5	8324	8	69063	2004	936	26	77665	48	27	20	153679	GM0479
206.40372031539022 348.63811540968584	Alblasserdam	2276	1	879	12	20	1	25	2	2.5	6	0	19	NEE	29	46	40	7	2	9809	6	1006	3	8076	1506	127	23	10199	43	31	7	20008	GM0482
203.2047454786559 410.91956213194277	Alphen aan den Rijn	861	3	12647	12	17	1	29	4	2.3	7	1	18	NEE	32	42	37	9	2	54164	5	13250	1	46773	1765	603	25	54751	46	31	10	108915	GM0484
184.6235924581431 345.47364890862775	Barendrecht	2436	2	1985	12	19	1	30	5	2.5	7	5	16	NEE	24	44	46	8	2	23860	4	2173	3	18975	1654	188	22	24484	45	31	15	48344	GM0489
284.38369000985733 548.2167806139997	Drechterland	329	0	5895	12	17	0	30	2	2.4	6	0	20	NEE	28	45	38	7	5	9835	5	8059	0	8006	484	2164	21	9549	45	35	3	19384	GM0498
131.92998480816553 355.6406708136391	Brielle	611	0	2754	11	14	1	31	3	2.2	9	1	22	NEE	32	46	34	9	4	8260	6	3114	0	7551	856	360	22	8573	40	34	5	16833	GM0501
193.33555740099527 366.36735830937636	Capelle aan den IJssel	4671	1	1422	12	17	4	29	9	2.1	9	7	19	NEE	37	39	35	11	2	32080	5	1540	2	30634	2254	118	24	34341	47	27	23	66421	GM0502
159.98088451070245 382.691129871463	Delft	4437	2	2285	20	13	2	24	12	1.8	8	2	15	NEE	57	30	22	14	1	53995	4	2406	2	57195	3488	121	28	47386	58	22	20	101381	GM0503
213.0003148016559 327.8959080488336	Dordrecht	1510	2	7861	12	16	2	28	6	2.1	9	2	18	NEE	39	39	33	11	1	58684	5	9947	6	54965	2519	2086	25	60047	47	27	18	118731	GM0505
254.6158278801096 341.7062108312173	Gorinchem	1894	5	1887	12	17	1	28	4	2.2	9	1	18	NEE	37	40	35	10	2	17647	5	2193	5	15942	1710	306	25	18108	46	28	16	35755	GM0512
213.02917877786643 386.2853720959185	Gouda	4266	10	1682	12	17	1	28	4	2.2	8	1	18	NEE	38	40	34	9	2	35204	5	1811	1	32443	2469	129	24	36548	47	28	16	71752	GM0513
150.51831541165632 400.3408286739301	's-Gravenhage	6347	6	8269	12	18	2	26	11	2.0	10	9	14	NEE	47	31	31	17	1	259837	4	9813	8	257190	4834	1544	30	265045	56	21	35	524882	GM0518
235.2759192020273 340.3686144163667	Hardinxveld-Giessendam	1056	0	1692	13	20	0	25	2	2.6	4	0	18	NEE	28	48	41	3	4	8945	5	1935	0	6934	973	243	24	8927	42	31	3	17872	GM0523
124.46187748814579 345.20574397729257	Hellevoetsluis	1230	0	3149	11	16	2	31	3	2.2	9	1	20	NEE	32	45	36	9	2	19161	5	4627	2	17317	1575	1477	23	19561	41	32	9	38722	GM0530
202.1703617299686 342.95858892120947	Hendrik-Ido-Ambacht	2801	1	1061	11	20	1	26	4	2.5	6	1	17	NEE	25	46	43	6	2	14649	4	1190	1	11714	1745	129	25	15082	44	32	7	29731	GM0531
293.5731696644252 557.4661566617087	Stede Broec	1481	0	1455	12	17	0	28	3	2.4	7	1	20	NEE	28	45	38	8	3	10837	5	1637	0	9039	1116	182	23	10715	43	34	5	21552	GM0532
193.8538653822179 456.9452749408454	Hillegom	1656	1	1287	10	16	0	30	4	2.2	8	0	21	NEE	34	42	35	11	2	10545	6	1347	0	9445	1511	59	24	10771	44	31	6	21316	GM0534
169.81975929197174 430.42931072905793	Katwijk	2622	1	2461	13	19	0	27	4	2.5	5	0	17	NEE	30	45	41	6	2	32123	5	3115	1	25743	2133	654	25	32409	45	29	5	64532	GM0537
196.6791565102634 361.2660205190154	Krimpen aan den IJssel	3792	1	768	12	18	1	27	4	2.4	6	1	23	NEE	30	46	38	7	2	14109	6	895	1	12161	1926	127	20	15014	41	33	8	29123	GM0542
271.5573213068032 357.7389902757235	Leerdam	619	2	3378	12	17	0	27	3	2.4	7	0	19	NEE	31	44	39	8	3	10274	6	3442	9	8580	1239	64	24	10631	44	30	14	20905	GM0545
179.3180115840951 421.6201852338278	Leiden	5630	4	2197	18	14	1	25	7	1.8	7	1	14	NEE	54	30	23	14	1	60067	4	2327	2	67769	3638	130	29	63594	59	23	16	123661	GM0546
188.0827281428644 421.9325710840245	Leiderdorp	2349	1	1155	11	16	1	30	5	2.2	8	2	22	NEE	35	43	35	10	2	13139	6	1228	2	12227	2434	72	21	13989	44	30	11	27128	GM0547
188.95871866899134 446.68144429468975	Lisse	1448	0	1569	11	16	0	29	3	2.2	7	0	21	NEE	33	44	35	8	2	11178	6	1605	0	10066	1602	36	22	11539	43	32	5	22717	GM0553
142.04412787898525 364.6180395882203	Maassluis	3821	4	849	11	16	2	27	4	2.2	8	2	22	NEE	34	44	34	8	2	15917	6	1012	6	14674	1969	163	24	16533	43	32	19	32450	GM0556
224.67048067065105 425.1047132770493	Nieuwkoop	357	1	7827	12	16	0	31	2	2.4	5	0	19	NEE	27	45	39	6	5	14160	5	9116	0	11281	496	1289	21	13754	45	34	4	27914	GM0569
177.4669480432925 450.0870937122063	Noordwijk	723	1	3578	11	15	0	30	3	2.1	8	0	21	NEE	37	40	33	12	2	12939	5	5152	0	11699	1525	1574	23	12928	47	30	5	25867	GM0575
182.88030758925473 450.735974140539	Noordwijkerhout	722	0	2259	12	15	0	30	3	2.3	7	0	20	NEE	33	42	36	11	3	8217	5	2342	0	7097	1088	83	23	8101	46	31	4	16318	GM0576
177.27380775770217 429.29895714641026	Oegstgeest	3235	1	730	11	18	0	29	5	2.2	7	1	20	NEE	35	42	36	15	2	11341	5	797	1	10343	1738	67	22	12267	46	29	8	23608	GM0579
167.11476037842732 335.33971554303855	Oud-Beijerland	1282	0	1873	12	18	0	29	3	2.4	7	1	20	NEE	29	46	39	6	3	11784	5	1961	0	10002	1390	88	22	12231	42	32	4	24015	GM0584
185.97732069693194 331.4324806890039	Binnenmaas	420	0	6930	10	16	0	30	3	2.3	7	1	22	NEE	28	48	35	5	4	14439	6	7557	0	12417	659	627	22	14683	39	37	4	29122	GM0585
153.98813693986412 326.5385815202125	Korendijk	144	0	7615	12	17	0	30	1	2.4	6	0	20	NEE	26	49	37	4	5	5459	5	10047	0	4449	324	2432	20	5500	40	37	2	10959	GM0588
237.4590328503931 389.1252541663698	Oudewater	261	1	3907	12	18	0	29	2	2.4	6	0	20	NEE	30	41	39	5	4	4989	6	4010	0	4208	856	103	22	5198	47	31	4	10187	GM0589
212.1587493929847 340.7182507807862	Papendrecht	3430	1	941	12	17	1	28	4	2.3	8	2	21	NEE	31	46	37	8	2	15871	5	1079	1	14053	1901	138	23	16421	41	33	9	32292	GM0590
195.62638446978485 349.78666493210187	Ridderkerk	1915	1	2372	11	15	1	29	5	2.2	7	2	24	NEE	34	46	33	8	2	22003	7	2526	2	20481	1715	155	22	23405	41	33	10	45408	GM0597
152.5814685315535 364.54380057921645	Rotterdam	2943	7	21564	13	16	4	25	11	2.0	10	8	15	NEE	48	30	30	12	1	312781	4	32416	8	319780	3932	10852	30	321879	56	23	38	634660	GM0599
154.38853520116885 392.21382209562205	Rijswijk	3632	3	1405	9	15	1	27	8	2.0	10	4	22	NEE	44	37	29	15	1	24324	6	1449	1	25690	3154	44	26	26703	47	28	19	51027	GM0603
163.15653619940645 364.6969553690725	Schiedam	4323	3	1801	12	16	2	27	9	2.1	9	4	17	NEE	41	36	34	12	1	38460	5	1986	10	36797	3271	185	27	39378	50	26	29	77838	GM0606
222.94697003155207 339.98346187364103	Sliedrecht	1949	1	1283	12	18	1	26	4	2.3	6	1	19	NEE	33	44	36	5	2	12328	6	1401	2	10378	1649	118	25	12684	44	30	9	25012	GM0610
173.38646414613515 318.7637731413879	Cromstrijen	235	0	5443	11	15	0	32	2	2.3	7	0	23	NEE	27	49	36	4	4	6345	6	7033	0	5474	655	1590	20	6452	39	37	3	12797	GM0611
170.7190926911872 345.8916848159089	Albrandswaard	1155	1	2173	11	19	1	31	4	2.4	7	4	16	NEE	26	44	43	8	3	12450	4	2376	2	10087	1018	203	23	12655	45	31	12	25105	GM0613
117.56759606733482 357.4867863943122	Westvoorne	268	0	5315	10	13	1	33	3	2.2	7	0	26	NEE	30	49	32	7	4	7066	7	9748	0	6434	603	4433	18	7191	37	38	4	14257	GM0614
188.15935456019304 318.5817872326568	Strijen	175	0	5026	12	13	0	33	2	2.3	7	1	22	NEE	28	48	35	5	4	4346	5	5770	0	3817	612	744	21	4439	40	37	3	8785	GM0617
275.57199082777805 374.385126970784	Vianen	503	4	3917	11	17	0	29	3	2.4	7	2	20	NEE	28	44	39	6	4	9700	5	4239	1	8212	924	322	23	10014	44	32	10	19714	GM0620
154.23953149024555 362.47805920396036	Vlaardingen	3046	3	2364	11	16	2	27	6	2.1	9	2	21	NEE	40	39	32	9	1	35147	6	2669	7	34158	2771	305	25	36852	46	28	20	71999	GM0622
172.06214398729054 414.16218990843504	Voorschoten	2267	1	1117	10	18	1	28	5	2.3	7	1	23	NEE	33	42	37	13	2	12174	6	1156	1	11029	1833	39	21	13141	45	31	9	25315	GM0626
202.98330619324918 393.1662111749572	Waddinxveen	949	3	2796	12	17	0	28	3	2.4	6	1	20	NEE	29	46	37	7	2	13192	5	2940	1	11107	1540	144	23	13344	42	34	8	26536	GM0627
162.02567818988433 417.5008523263092	Wassenaar	509	0	5116	11	17	1	30	8	2.2	8	1	25	NEE	35	44	35	22	3	12313	7	6240	0	11478	1439	1124	17	13742	42	30	11	26055	GM0629
242.9445203946977 408.98407331609684	Woerden	577	3	8924	12	18	0	28	3	2.4	6	1	18	NEE	31	42	39	7	3	25482	5	9292	0	21424	1337	368	24	26031	47	30	8	51513	GM0632
179.74408604031865 398.0645642140698	Zoetermeer	3616	2	3451	12	17	2	29	8	2.2	9	7	17	NEE	34	39	38	11	1	60923	4	3705	1	55609	2508	254	25	63840	47	29	20	124763	GM0637
183.61819701202722 411.5085813926857	Zoeterwoude	394	0	2126	12	16	0	32	3	2.4	6	1	20	NEE	28	44	39	6	4	4146	5	2196	1	3370	738	70	21	4221	46	34	5	8367	GM0638
197.00214578517918 338.0187534766554	Zwijndrecht	2183	2	2035	11	16	2	27	5	2.2	8	2	22	NEE	34	43	35	8	2	21559	6	2277	3	19901	2050	243	23	22858	42	31	13	44417	GM0642
71.99655296654534 245.75661707310755	Borsele	160	0	14174	12	18	0	30	2	2.4	7	0	19	NEE	29	46	36	6	5	11471	5	19452	0	9445	319	5278	22	11217	43	34	3	22688	GM0654
77.3555706456988 263.1563734709889	Goes	403	1	9257	11	15	0	29	4	2.1	9	1	23	NEE	38	43	31	8	3	18274	6	10192	1	17104	1302	934	22	19000	43	32	7	37274	GM0664
335.16536039818584 344.8362052116126	West Maas en Waal	244	0	7717	11	15	0	33	2	2.3	7	0	20	NEE	28	45	36	5	5	9383	6	8521	0	8017	406	803	21	9437	42	36	2	18820	GM0668
110.97816424967674 214.15713736561585	Hulst	136	0	20161	10	14	0	32	2	2.2	8	0	24	NEE	33	46	31	24	5	13650	6	25182	0	12461	492	5021	21	13745	40	36	3	27395	GM0677
96.36500663759071 255.15685970648764	Kapelle	340	0	3713	11	19	0	29	2	2.4	6	1	19	NEE	26	48	39	6	4	6308	5	4963	0	5152	636	1249	22	6314	41	34	3	12622	GM0678
46.46765333306767 260.499349859356	Middelburg	991	1	4847	12	16	1	28	4	2.1	8	1	21	NEE	40	41	30	10	2	23331	5	5304	2	22584	1735	457	23	24688	45	29	8	48019	GM0687
247.37223390067948 350.31700676617055	Giessenlanden	230	0	6351	13	17	0	30	2	2.5	5	0	19	NEE	24	49	40	4	5	7404	5	6511	0	5785	289	159	20	7192	41	36	2	14596	GM0689
122.69686541041008 242.72967900152008	Reimerswaal	220	0	10184	13	21	0	25	3	2.5	5	0	17	NEE	30	45	40	9	4	11257	5	24242	1	8788	502	14057	25	11099	45	31	4	22356	GM0703
260.36123223889035 365.17978504270235	Zederik	188	0	7346	13	19	0	27	2	2.6	4	0	18	NEE	25	48	41	3	5	6935	5	7650	0	5367	299	304	23	6907	43	34	2	13842	GM0707
76.32306681358807 206.27547644808305	Terneuzen	218	0	25051	10	15	1	30	3	2.1	9	0	24	NEE	36	45	31	18	4	27139	7	31776	2	25414	860	6725	21	27449	40	34	7	54588	GM0715
122.54792104590267 276.73808578965065	Tholen	174	1	14677	13	19	0	28	2	2.5	6	0	18	NEE	29	47	39	5	5	12748	5	25400	0	10296	466	10723	22	12779	42	32	3	25527	GM0716
32.53231353388929 269.8558620079491	Veere	165	0	13266	11	15	0	30	2	2.3	6	0	25	NEE	30	50	32	6	5	11018	6	20655	0	9368	336	7389	19	10882	38	38	2	21900	GM0717
41.80350142175833 250.2026336653166	Vlissingen	1296	2	3424	11	15	2	28	4	2.0	10	2	22	NEE	43	40	28	14	2	22060	6	34484	1	22148	1901	31059	23	22334	44	29	11	44394	GM0718
272.02713633400924 343.9059607245679	Lingewaal	221	1	5039	12	17	0	31	2	2.5	6	0	19	NEE	25	47	41	5	5	5571	5	5449	0	4499	317	410	21	5587	42	35	4	11158	GM0733
245.97165131318692 438.85198788269525	De Ronde Venen	428	2	9997	12	16	0	32	4	2.3	7	1	20	NEE	30	44	39	9	4	21144	5	11698	1	18131	858	1701	20	21619	44	31	7	42763	GM0736
404.73544314683147 682.6885338230483	Tytsjerksteradiel	214	0	14928	11	17	0	29	3	2.3	6	0	22	NEE	30	45	36	3	5	15961	6	16141	0	13337	460	1212	21	16002	43	34	3	31963	GM0737
268.16559357464723 318.4483570693228	Aalburg	259	0	5041	13	19	0	27	2	2.6	4	0	17	NEE	25	48	44	4	5	6615	5	5317	0	4923	376	276	23	6452	43	31	2	13067	GM0738
379.60553585971246 228.54177048083054	Asten	238	1	7017	12	16	0	30	2	2.3	6	0	21	NEE	32	45	36	7	4	8604	5	7134	0	7104	946	117	21	8110	44	32	3	16714	GM0743
241.28615773105574 241.7861806885194	Baarle-Nassau	87	0	7616	9	14	0	30	2	2.2	7	0	26	NEE	31	45	33	23	5	3381	7	7629	0	2904	324	12	21	3276	41	36	2	6657	GM0744
146.55307482286773 258.9684233234031	Bergen op Zoom	828	5	7991	11	15	0	30	4	2.2	9	1	21	NEE	33	43	34	10	2	32745	6	9313	5	29461	1798	1321	23	33419	42	33	14	66164	GM0748
319.6554376227905 260.2265027851278	Best	851	0	3430	12	16	0	32	3	2.4	7	0	18	NEE	27	45	40	9	3	14613	4	3510	2	12213	1392	80	22	14567	44	33	7	29180	GM0753
365.9819437375389 283.610357067033	Boekel	302	0	3451	13	17	0	30	2	2.5	5	0	18	NEE	25	43	42	6	4	5326	5	3452	0	3985	505	1	22	5088	48	33	2	10414	GM0755
405.74292697067733 287.56165603878407	Boxmeer	258	0	11144	12	15	0	32	3	2.3	6	0	21	NEE	30	45	35	7	4	14469	6	11384	1	12112	638	240	20	14240	44	35	5	28709	GM0756
308.75438038206386 276.3999512617129	Boxtel	481	2	6373	11	16	1	29	4	2.2	7	1	21	NEE	33	43	34	7	3	15232	6	6485	1	13406	1229	112	23	15424	44	32	8	30656	GM0757
220.6341953092121 278.53367003002467	Breda	1447	3	12596	14	16	1	26	5	2.1	8	1	18	NEE	42	35	30	11	2	89594	5	12868	2	87357	2139	272	26	92710	52	27	12	182304	GM0758
387.0072302101556 241.0525964820813	Deurne	273	1	11693	12	15	0	31	2	2.3	6	0	20	NEE	30	44	36	6	4	16071	6	11836	0	13382	845	142	21	15862	44	34	3	31933	GM0762
557.3225557278067 652.604336581379	Pekela	255	0	4907	11	15	0	29	3	2.2	8	0	21	NEE	31	42	35	6	4	6341	6	5020	0	5499	531	113	23	6176	43	34	4	12517	GM0765
250.9606638125436 291.02031806718736	Dongen	871	0	2929	11	16	0	30	2	2.3	7	0	20	NEE	29	45	37	7	3	12729	6	2974	3	10841	1144	44	23	12780	42	33	6	25509	GM0766
306.8433790019676 230.9061781179903	Eersel	225	0	8246	12	15	0	31	2	2.3	6	0	21	NEE	29	46	35	6	4	9411	6	8333	0	7738	557	86	20	9143	43	36	3	18554	GM0770
329.4170501223003 244.3050467639022	Eindhoven	2587	3	8769	14	15	1	25	9	1.9	9	2	17	NEE	48	33	27	14	1	116307	5	8892	5	116319	2560	123	30	110561	54	25	19	226868	GM0772
202.45536603281636 277.0008383873231	Etten-Leur	778	2	5534	11	17	1	29	4	2.3	8	1	19	NEE	29	44	38	9	2	21243	5	5592	2	18326	1644	58	24	21784	43	33	9	43027	GM0777
239.56221504287348 306.4275234823449	Geertruidenberg	807	0	2665	11	16	0	30	2	2.3	7	1	20	NEE	29	44	37	6	3	10694	6	2964	0	9269	1092	299	24	10810	43	34	3	21504	GM0779
245.09448920231063 271.95835073213146	Gilze en Rijen	400	1	6549	11	16	0	29	4	2.3	7	0	20	NEE	28	45	37	8	3	13132	5	6566	4	10971	1037	17	23	13088	43	35	9	26220	GM0784
262.6850003908233 259.88522227835966	Goirle	554	0	4209	10	17	0	30	2	2.3	7	0	21	NEE	28	46	37	7	3	11543	5	4235	1	9964	1170	26	22	11774	42	35	4	23317	GM0785
373.4967303208233 317.9112941864253	Grave	455	0	2718	12	15	0	31	4	2.3	7	0	21	NEE	31	43	35	8	4	6321	5	2803	0	5256	633	85	21	6049	44	34	5	12370	GM0786
291.86535449589184 288.3902664976382	Haaren	241	0	5771	12	14	0	33	2	2.4	6	0	22	NEE	27	45	36	5	5	7095	5	5856	0	5689	339	85	19	6817	44	36	2	13912	GM0788
360.37433924307805 250.91772889828835	Helmond	1703	4	5319	12	18	1	29	4	2.3	9	1	16	NEE	34	40	38	13	2	45637	5	5475	3	39797	1727	157	25	44966	46	29	13	90603	GM0794
312.70050415749677 311.0587159060023	's-Hertogenbosch	1379	3	11051	12	16	1	28	4	2.1	8	1	17	NEE	40	37	32	9	2	75276	5	11807	2	71441	1940	757	27	77134	50	28	11	152410	GM0796
282.89757418369425 306.1139864422251	Heusden	552	1	7888	12	16	0	30	2	2.4	7	0	20	NEE	28	45	38	7	3	21800	5	8122	2	18297	1058	233	22	21717	43	33	6	43517	GM0797
280.4252887630906 251.7465428493617	Hilvarenbeek	161	0	9490	11	16	0	32	2	2.4	5	0	21	NEE	27	47	38	5	4	7701	5	9651	0	6322	587	161	20	7582	43	35	2	15283	GM0798
265.3096406918846 292.1170591293805	Loon op Zand	462	0	5001	11	15	0	31	2	2.3	7	0	21	NEE	29	44	37	7	3	11461	6	5071	1	9901	1050	70	22	11632	43	34	4	23093	GM0809
377.46183229342637 303.48013565604384	Mill en Sint Hubert	207	0	5223	12	15	0	33	1	2.4	5	0	21	NEE	27	46	37	4	5	5520	6	5317	0	4451	310	95	20	5287	43	36	2	10807	GM0815
343.56939225929256 251.48129317118605	Nuenen, Gerwen en Nederwetten	678	0	3372	11	15	0	31	2	2.3	7	0	25	NEE	28	47	35	9	3	11311	5	3394	0	9964	1107	22	18	11555	40	37	3	22866	GM0820
302.9865103933512 254.97037971831412	Oirschot	182	0	10178	12	15	0	32	2	2.4	6	0	20	NEE	27	45	39	5	4	9305	6	10284	0	7469	611	106	20	9194	44	35	3	18499	GM0823
288.6107412037404 269.8884740200693	Oisterwijk	406	1	6386	11	15	0	30	3	2.3	7	0	23	NEE	31	43	35	6	3	12758	6	6513	0	11031	1003	126	20	13178	43	34	5	25936	GM0824
236.7310790651744 291.58653169603963	Oosterhout	764	3	7149	11	15	1	30	3	2.2	8	1	21	NEE	31	44	34	9	2	26872	6	7309	3	24307	1536	160	22	27732	42	34	11	54604	GM0826
339.81962873913164 327.3072479320592	Oss	554	1	16319	12	16	0	30	3	2.3	8	1	19	NEE	32	43	37	8	3	45350	5	17093	5	39369	1360	774	24	45026	44	31	9	90376	GM0828
188.82255982908234 263.21936811977275	Rucphen	347	0	6441	11	13	0	35	2	2.3	7	0	22	NEE	27	50	37	6	4	11270	7	6448	0	9611	657	6	21	11075	37	37	3	22345	GM0840
316.79484429239767 296.12289926563176	Sint-Michielsgestel	489	0	5843	11	17	0	31	2	2.4	6	0	21	NEE	27	46	39	5	4	14372	6	5934	0	11660	604	91	20	14212	43	34	3	28584	GM0845
365.8617558400597 226.55441639335365	Someren	237	0	8027	12	15	0	31	2	2.4	5	0	19	NEE	29	45	38	7	4	9714	6	8150	0	7883	710	123	22	9322	44	33	2	19036	GM0847
333.0853427445539 260.91758510907187	Son en Breugel	641	0	2595	11	17	0	28	3	2.4	7	0	23	NEE	28	44	38	8	4	8204	6	2651	0	6934	675	56	21	8422	43	34	4	16626	GM0848
152.615249158667 282.3874156183057	Steenbergen	164	0	14637	11	14	0	31	2	2.3	7	1	21	NEE	29	44	35	10	4	12205	6	15914	0	10123	704	1277	22	11765	42	36	3	23970	GM0851
261.2264738102329 495.32516770895194	Waterland	332	0	5211	10	16	0	31	3	2.3	6	1	23	NEE	30	45	37	7	4	8525	5	11566	0	7454	663	6355	19	8765	43	33	5	17290	GM0852
268.50861035735244 276.8489816934848	Tilburg	1824	3	11721	15	15	2	26	5	2.0	8	2	16	NEE	45	34	29	11	1	106428	5	11915	4	105095	2700	194	27	107376	53	26	16	213804	GM0855
359.4101838509067 295.8033307897106	Uden	617	1	6705	11	16	0	28	3	2.3	8	1	20	NEE	33	41	36	9	3	20517	5	6753	3	18028	1342	49	24	20867	46	32	8	41384	GM0856
327.93578174704794 212.6983207096873	Valkenswaard	556	0	5490	10	14	0	30	3	2.2	9	0	24	NEE	34	44	31	9	3	15092	6	5650	0	14041	1450	160	21	15424	41	35	4	30516	GM0858
317.5843210689807 234.74668880877346	Veldhoven	1411	0	3169	11	16	0	30	4	2.3	8	1	21	NEE	31	44	36	10	2	22285	5	3189	0	19539	1667	20	23	22439	43	33	6	44724	GM0861
299.7595095201798 295.71849573829473	Vught	782	0	3350	10	17	0	30	3	2.3	8	0	20	NEE	34	40	37	9	3	12995	6	3444	0	11144	1290	94	22	13188	46	30	4	26183	GM0865
330.3720782039731 228.60464692290722	Waalre	755	0	2239	10	17	0	29	3	2.3	7	1	24	NEE	30	45	36	10	4	8319	6	2266	0	7315	829	28	20	8579	42	34	5	16898	GM0866
259.81366219904754 305.0976229100469	Waalwijk	734	0	6461	11	15	0	29	3	2.2	7	1	21	NEE	33	44	35	9	3	23616	6	6765	3	21111	1265	303	24	23794	43	33	8	47410	GM0867
238.3698432442524 323.94585083969497	Werkendam	263	0	10206	12	18	0	28	2	2.5	5	0	19	NEE	26	48	40	4	4	13461	5	12176	0	10590	614	1970	22	13383	42	34	3	26844	GM0870
154.64130284286446 235.02548177732893	Woensdrecht	238	0	9168	11	15	0	31	2	2.3	7	0	23	NEE	28	48	35	19	4	10963	6	9197	0	9478	656	29	21	10874	39	37	3	21837	GM0873
257.28294459332216 327.7019056635218	Woudrichem	294	0	4939	11	17	0	30	2	2.4	6	0	20	NEE	25	48	40	4	5	7284	5	5170	0	5873	351	231	22	7255	41	35	2	14539	GM0874
201.8373212236736 252.346772086705	Zundert	179	1	12070	12	13	0	32	2	2.2	5	0	21	NEE	32	45	34	13	4	11121	6	12121	0	9477	528	51	22	10536	44	34	3	21657	GM0879
236.92403755967553 507.9241291750131	Wormerland	410	0	3859	12	15	0	31	3	2.3	7	1	23	NEE	31	44	36	7	3	7833	6	4518	1	6923	1409	659	19	7987	43	32	6	15820	GM0880
409.7554120474744 124.49724454788628	Onderbanken	372	1	2116	11	13	0	34	2	2.2	8	0	22	NEE	28	47	36	17	5	3954	6	2124	0	3480	475	8	20	3911	39	35	3	7865	GM0881
420.40778119908333 108.69086287298828	Landgraaf	1524	0	2458	10	13	0	33	3	2.1	10	0	23	NEE	34	45	31	19	3	18440	7	2467	0	17534	1447	8	21	19018	39	35	4	37458	GM0882
384.9420383446923 114.55139034496314	Beek	758	1	2103	11	12	0	32	2	2.2	8	0	24	NEE	31	47	33	10	4	7802	7	2103	0	7302	879	0	20	8149	39	36	4	15951	GM0888
425.25320046002497 199.5316832247737	Beesel	477	2	2808	11	15	0	32	2	2.3	7	0	22	NEE	28	47	37	11	4	6768	6	2915	1	5802	729	108	21	6637	40	35	5	13405	GM0889
427.68194449420423 280.34164048525696	Bergen (L.)	127	0	10347	11	14	0	34	2	2.3	6	0	22	NEE	27	46	36	13	5	6532	7	10850	0	5558	312	502	19	6563	41	36	2	13095	GM0893
411.6324211943441 117.75620744400668	Brunssum	1648	1	1721	10	13	0	32	3	2.1	10	0	23	NEE	37	42	31	19	2	13873	8	1734	0	13599	1665	13	21	14485	40	32	5	28358	GM0899
411.51536782336314 307.0727183000663	Gennep	359	1	4766	10	15	0	32	2	2.3	6	0	22	NEE	31	43	36	10	4	8746	6	5042	0	7192	631	277	21	8383	45	34	4	17129	GM0907
410.3765821372584 105.32621601755697	Heerlen	1939	3	4497	11	13	1	31	5	1.9	12	0	22	NEE	45	37	27	19	2	43290	7	4553	1	45069	1799	56	24	43899	45	28	9	87189	GM0917
423.3329741582393 100.05547749087968	Kerkrade	2097	1	2191	9	13	1	33	3	2.0	11	0	24	NEE	39	42	29	26	2	22968	8	2215	1	22721	1748	24	22	22969	39	32	6	45937	GM0928
367.69378486277844 94.96225636442509	Maastricht	2179	1	5634	19	11	1	26	7	1.7	9	0	20	NEE	54	33	21	20	2	58955	6	6013	1	68746	2392	379	24	63798	52	25	11	122753	GM0935
376.64607681367016 107.11480821970135	Meerssen	708	0	2696	10	13	0	32	2	2.2	7	0	25	NEE	29	48	34	10	4	9398	7	2770	0	8464	611	74	19	9674	38	37	3	19072	GM0938
397.8304598757821 319.0059310894707	Mook en Middelaar	447	0	1738	11	14	0	34	3	2.2	7	0	25	NEE	30	47	33	10	5	3849	6	1881	0	3461	418	143	16	3926	40	37	4	7775	GM0944
378.80146415665206 205.497305565015	Nederweert	169	0	9986	11	14	0	32	2	2.3	6	0	22	NEE	27	48	36	6	4	8519	6	10178	0	7125	625	192	21	8345	41	37	2	16864	GM0946
392.97278387217324 108.2291679330551	Nuth	462	0	3310	10	13	0	32	2	2.2	7	0	26	NEE	30	48	33	11	4	7561	7	3313	0	6859	523	3	20	7744	38	37	3	15305	GM0951
416.37367711771066 182.43711501810077	Roermond	943	4	6084	11	15	1	29	5	2.1	10	1	20	NEE	40	38	31	15	2	28338	6	7105	4	27404	1502	1021	25	29052	46	29	14	57390	GM0957
397.32963737441486 119.52836004107395	Schinnen	538	0	2406	10	14	0	32	2	2.2	7	0	25	NEE	28	48	34	13	5	6468	7	2412	0	5698	475	6	19	6486	38	38	3	12954	GM0962
413.2333415320726 89.19960506700039	Simpelveld	659	0	1603	9	13	0	32	1	2.2	8	0	25	NEE	31	48	32	16	4	5236	7	1603	0	4869	666	0	20	5335	37	36	2	10571	GM0965
377.70619315499226 124.05216473397549	Stein	1187	1	2110	10	13	0	32	2	2.2	7	0	25	NEE	29	49	33	11	4	12425	7	2280	0	11408	892	170	20	12634	37	38	3	25059	GM0971
411.63137668381705 75.55253189084695	Vaals	406	0	2389	11	11	0	34	4	1.9	10	0	27	NEE	44	45	24	45	3	4875	7	2390	0	5077	1005	1	18	4835	38	33	5	9710	GM0981
439.0857776798855 230.15494293380854	Venlo	812	3	12445	11	15	0	30	4	2.1	9	0	21	NEE	38	41	32	16	2	50281	6	12899	4	47198	1620	454	24	50778	44	31	12	101059	GM0983
408.1120576582499 261.01082221269286	Venray	267	2	16332	12	15	0	31	4	2.3	7	1	20	NEE	32	43	36	11	3	22134	5	16500	3	18615	1005	168	22	21431	45	33	9	43565	GM0984
402.03967950321424 99.26604132108093	Voerendaal	395	0	3151	10	14	0	32	2	2.2	8	0	26	NEE	27	48	34	11	4	6143	7	3152	0	5548	543	1	19	6319	37	39	3	12462	GM0986
366.0557216786293 190.23055293523524	Weert	475	4	10442	11	14	1	30	4	2.2	8	0	22	NEE	34	43	34	11	3	24840	6	10554	1	22134	1292	111	22	24734	43	33	10	49574	GM0988
387.38274916551967 97.00297516243008	Valkenburg aan de Geul	448	0	3673	10	12	0	32	2	2.0	9	0	28	NEE	38	44	29	11	4	8104	8	3692	0	7872	657	20	19	8336	39	33	3	16440	GM0994
331.1856570440529 501.5625505064487	Lelystad	334	3	23056	11	19	2	28	6	2.3	10	6	16	NEE	34	38	38	10	3	38560	4	76545	3	33366	1358	53490	26	38377	48	28	20	76937	GM0995
420.5694240423261 243.46852017868866	Horst aan de Maas	223	0	18871	12	15	0	31	2	2.4	5	0	20	NEE	29	45	37	8	4	21210	6	19192	0	17673	551	320	22	20929	45	34	3	42139	GM1507
476.4762194550294 360.0031794055148	Oude IJsselstreek	290	0	13632	11	15	0	31	2	2.3	6	0	22	NEE	30	45	36	7	4	19866	7	13795	4	16914	636	163	20	19702	43	34	6	39568	GM1509
183.62007049967323 436.3416640462688	Teylingen	1269	1	2844	12	17	0	31	4	2.4	7	1	19	NEE	30	43	39	9	3	18016	5	3349	0	15036	1349	505	22	18077	45	31	6	36093	GM1525
318.38094382928097 390.65184582917504	Utrechtse Heuvelrug	371	2	13201	11	16	0	30	4	2.2	7	0	24	NEE	35	43	33	8	4	23970	6	13394	1	21367	771	193	19	25065	43	32	7	49035	GM1581
501.7687475453484 385.8899583813994	Oost Gelre	270	1	10964	12	16	0	31	2	2.4	5	0	20	NEE	29	43	36	5	4	14997	6	11012	0	12281	736	48	21	14637	46	34	3	29634	GM1586
251.3529605269905 543.5490193403145	Koggenland	280	0	8032	13	17	0	30	2	2.4	6	0	19	NEE	28	43	39	5	5	11340	5	8408	0	9155	413	377	22	11182	46	32	3	22522	GM1598
182.0932975209201 383.79298940288083	Lansingerland	1109	2	5418	11	22	1	28	4	2.6	6	2	14	NEE	22	43	48	7	3	29858	4	5637	1	22906	1254	219	25	30247	47	30	10	60105	GM1621
396.3918553656464 191.85848099317997	Leudal	220	0	16277	11	14	0	32	2	2.3	6	0	23	NEE	29	46	35	9	5	18212	6	16491	0	15371	379	213	20	17666	42	36	3	35878	GM1640
396.14200695935017 172.36518669733513	Maasgouw	520	0	4571	10	12	0	34	2	2.2	7	0	25	NEE	30	45	33	11	5	11945	7	5812	0	10428	432	1241	19	11829	40	37	3	23774	GM1641
510.7394661733942 739.3401025934081	Eemsmond	83	0	18931	11	16	1	31	2	2.2	7	0	22	NEE	36	43	32	4	5	7974	6	54335	0	7148	359	35404	20	7682	43	32	3	15656	GM1651
375.50445126512324 267.1527949877393	Gemert-Bakel	246	0	12222	11	17	0	30	2	2.4	6	0	18	NEE	29	44	38	7	4	15172	5	12334	0	12587	764	112	24	14852	45	33	3	30024	GM1652
183.48921767156185 280.27016366263456	Halderberge	397	3	7448	10	15	0	31	3	2.3	7	1	22	NEE	28	48	35	7	4	14687	6	7521	1	12746	743	73	21	14892	39	37	8	29579	GM1655
346.4202719745894 222.01804553769895	Heeze-Leende	151	0	10401	11	15	0	32	2	2.3	6	0	23	NEE	28	46	37	7	4	7974	6	10504	0	6550	570	103	20	7740	42	35	3	15714	GM1658
353.2675209221995 264.60296367575097	Laarbeek	396	0	5536	11	16	0	30	2	2.4	6	0	21	NEE	28	46	38	6	4	11119	6	5617	0	9169	615	80	21	10823	42	35	2	21942	GM1659
464.17695268261923 727.1384484362413	De Marne	59	0	17040	10	16	0	31	1	2.1	8	0	23	NEE	35	43	30	4	5	5100	6	24033	0	4657	155	6993	20	4988	43	34	2	10088	GM1663
280.70111361884346 226.3978037117915	Reusel-De Mierden	166	0	7792	11	17	0	31	2	2.4	5	0	18	NEE	27	46	38	6	4	6635	5	7866	0	5306	551	74	24	6273	44	35	2	12908	GM1667
421.15457096335996 168.58869768946172	Roerdalen	235	0	8822	10	13	0	33	2	2.2	8	0	25	NEE	30	47	33	14	5	10352	7	8879	0	9283	382	57	20	10348	39	37	3	20700	GM1669
167.86079963020896 261.10357358067097	Roosendaal	725	5	10647	12	16	0	30	5	2.2	8	1	20	NEE	34	43	34	11	2	38147	6	10716	3	34497	1708	70	23	39016	43	32	14	77163	GM1674
86.9317692069834 306.0770057972663	Schouwen-Duiveland	147	0	22997	10	14	0	30	2	2.2	8	0	26	NEE	33	48	30	7	5	16721	7	48821	0	15358	477	25824	19	17044	37	37	3	33765	GM1676
520.6401623549668 632.4285495730416	Aa en Hunze	92	0	27625	10	14	0	33	2	2.2	7	0	25	NEE	28	47	33	4	5	12603	7	27887	0	10991	279	262	17	12683	39	39	2	25286	GM1680
542.9486459000425 611.049081903951	Borger-Odoorn	92	0	27451	11	14	0	33	1	2.3	7	0	23	NEE	27	48	33	4	5	12646	6	27789	0	11041	251	339	19	12709	39	39	2	25355	GM1681
390.3737813357075 311.68023100763475	Cuijk	483	2	5115	12	16	0	30	3	2.3	7	0	20	NEE	30	43	37	10	4	12310	5	5707	4	10613	829	592	22	12386	44	33	10	24696	GM1684
360.4607695142793 311.1159401827483	Landerd	218	0	7036	12	16	0	31	2	2.5	5	0	20	NEE	27	44	40	5	5	7825	5	7071	0	6089	457	34	20	7507	46	33	3	15332	GM1685
468.1984464746256 558.634321661955	De Wolden	106	0	22468	12	16	0	32	1	2.4	6	0	23	NEE	28	46	36	3	5	11853	7	22635	0	9914	300	167	18	11891	41	36	2	23744	GM1690
66.32914201405863 278.13911359070266	Noord-Beveland	86	0	8597	9	13	0	31	2	2.1	10	0	26	NEE	36	46	28	9	5	3691	7	12158	0	3490	221	3561	20	3691	38	36	3	7382	GM1695
271.72836449934863 438.6759784260646	Wijdemeren	492	0	4761	10	16	0	32	3	2.3	8	1	24	NEE	32	44	35	9	4	11418	6	7636	0	10331	574	2875	18	12029	42	33	4	23447	GM1696
476.919327247586 657.4026688239751	Noordenveld	165	0	20016	10	17	0	29	7	2.2	7	0	24	NEE	30	45	33	4	4	16173	6	20529	0	13791	681	513	19	16808	42	37	8	32981	GM1699
503.41371708196357 495.6285923954121	Twenterand	318	0	10628	12	19	0	28	2	2.6	5	0	18	NEE	25	46	43	3	4	17146	6	10814	0	13032	590	185	23	16699	43	32	2	33845	GM1700
455.9120144308745 592.6567067642512	Westerveld	69	0	27850	10	14	0	32	2	2.2	7	0	27	NEE	31	47	30	4	5	9498	7	28274	0	8378	208	424	18	9586	39	38	2	19084	GM1701
389.07431749380476 286.3937382341761	Sint Anthonis	117	0	9927	13	15	0	33	2	2.5	5	0	20	NEE	26	45	39	4	5	6007	6	9976	0	4598	266	49	19	5588	44	35	2	11595	GM1702
404.14888887246116 357.64266212769394	Lingewaard	742	0	6221	11	17	0	31	2	2.4	7	0	20	NEE	27	45	39	7	4	22898	5	6914	0	19351	942	693	21	23284	43	34	3	46182	GM1705
351.0087368569905 203.36184746333234	Cranendonck	271	0	7636	11	15	0	31	3	2.3	7	0	22	NEE	28	46	36	12	4	10404	6	7805	0	8730	585	169	21	10272	41	36	4	20676	GM1706
415.8414151391077 571.5352478496154	Steenwijkerland	150	0	28951	11	16	0	30	2	2.3	7	0	21	NEE	32	45	34	4	4	21787	6	32159	1	18843	592	3209	21	21661	42	34	4	43448	GM1708
186.6175053686857 297.32635353299423	Moerdijk	232	1	15917	11	16	0	31	2	2.3	7	1	21	NEE	29	45	36	7	4	18491	6	18403	1	15918	749	2486	22	18453	42	35	4	36944	GM1709
400.3415192031966 153.23881955858184	Echt-Susteren	309	0	10311	10	13	0	33	3	2.2	8	0	24	NEE	31	45	33	13	4	15997	7	10462	0	14181	709	151	20	15818	40	36	4	31815	GM1711
24.687129392843385 217.65426659179232	Sluis	85	0	27936	10	13	0	31	2	2.1	8	0	27	NEE	36	46	28	24	5	11669	7	30716	0	11317	420	2781	20	11989	39	36	3	23658	GM1714
220.46331613697055 307.3287312863444	Drimmelen	281	0	9546	11	15	0	32	2	2.3	6	0	21	NEE	27	47	36	6	4	13472	6	11943	0	11329	766	2396	21	13397	42	37	3	26869	GM1719
338.97345507005423 303.05455658880794	Bernheze	337	0	8973	12	17	0	30	2	2.5	5	0	20	NEE	26	45	41	6	4	15258	5	9041	0	12026	638	68	21	14995	44	33	3	30253	GM1721
384.211116242446 713.2401659263267	Ferwerderadiel	89	0	9784	11	19	0	29	2	2.4	6	0	20	NEE	31	43	36	4	5	4473	5	13318	0	3658	209	3534	22	4262	46	33	3	8735	GM1722
240.12463411577068 257.4223276409877	Alphen-Chaam	108	0	9303	11	15	0	32	2	2.4	6	0	21	NEE	24	47	38	12	5	5121	5	9352	0	4108	301	49	20	4937	42	38	2	10058	GM1723
310.8040070657262 209.28985557913222	Bergeijk	182	0	10101	12	15	0	31	2	2.4	6	0	21	NEE	28	47	37	8	5	9339	5	10175	0	7672	497	75	21	9003	42	36	2	18342	GM1724
294.94951330306804 224.8664015456711	Bladel	266	0	7537	12	16	0	30	2	2.3	6	0	20	NEE	29	44	36	7	4	10177	6	7562	0	8454	680	26	22	9886	44	35	3	20063	GM1728
399.5676292949582 82.47250415768042	Gulpen-Wittem	196	0	7318	10	11	0	34	2	2.2	7	0	26	NEE	31	49	31	12	5	7236	7	7336	0	6501	284	18	19	7101	37	38	2	14337	GM1729
501.63732489157354 658.1634061392924	Tynaarlo	232	0	14332	9	17	0	31	2	2.3	7	0	23	NEE	29	44	36	5	4	16396	6	14770	0	14026	503	438	19	16884	43	35	3	33280	GM1730
493.274316683125 600.49390121777	Midden-Drenthe	98	0	34075	11	15	0	32	3	2.3	7	0	22	NEE	29	46	34	4	5	16682	6	34587	0	14182	397	512	20	16717	42	36	3	33399	GM1731
378.74028886865847 363.1774573055094	Overbetuwe	434	0	10919	12	18	0	30	2	2.4	7	0	18	NEE	26	44	41	7	4	23561	4	11508	1	19276	787	589	22	23833	44	33	4	47394	GM1734
503.05020144588605 442.6814130478987	Hof van Twente	165	0	21261	11	16	0	30	2	2.4	6	0	24	NEE	29	46	36	6	4	17406	7	21541	1	14692	604	280	19	17605	41	35	3	35011	GM1735
349.1148067242453 360.9494437518959	Neder-Betuwe	388	1	5999	14	21	0	26	1	2.7	4	0	16	NEE	25	47	44	5	5	11666	5	6746	0	8546	423	747	22	11637	44	31	2	23303	GM1740
478.8797657476976 456.07351449669426	Rijssen-Holten	404	0	9412	13	21	0	25	2	2.7	4	0	18	NEE	25	48	45	3	3	18943	5	9438	3	14027	1080	26	23	19043	43	30	5	37986	GM1742
349.5562542935747 239.65016309442277	Geldrop-Mierlo	1260	1	3101	11	16	1	30	4	2.2	8	1	21	NEE	32	43	35	9	3	19368	6	3139	1	17331	1337	37	22	19710	44	33	8	39078	GM1771
435.60784663137605 474.39691851590544	Olst-Wijhe	158	0	11399	12	16	0	32	2	2.4	6	0	20	NEE	27	45	38	4	5	9071	6	11837	1	7367	455	438	20	8886	44	35	3	17957	GM1773
552.1459719177848 477.8009511747927	Dinkelland	149	0	17571	13	16	0	30	2	2.6	4	0	21	NEE	26	46	42	6	5	13412	6	17683	0	10097	458	112	20	12832	44	32	2	26244	GM1774
137.30218545000494 382.92304959850276	Westland	1300	2	8124	13	17	0	28	3	2.4	6	1	19	NEE	30	44	39	8	3	52699	5	9074	1	44265	1389	950	24	52933	46	31	6	105632	GM1783
151.0547915730568 374.38286192110473	Midden-Delfland	402	1	4735	13	18	0	31	3	2.5	5	1	18	NEE	26	46	42	6	3	9573	4	4938	0	7620	1292	203	21	9461	45	32	5	19034	GM1842
500.659851412955 408.700951846773	Berkelland	171	0	25850	11	15	0	31	2	2.3	5	0	23	NEE	29	46	36	5	4	22224	7	26053	0	18665	654	203	19	22014	42	36	3	44238	GM1859
459.54890447797186 394.17608517595704	Bronckhorst	128	0	28351	11	15	0	33	1	2.3	6	0	24	NEE	28	46	35	4	5	18150	7	28642	0	15473	376	291	17	18260	41	37	2	36410	GM1876
387.8516978494386 133.08642076288638	Sittard-Geleen	1181	2	7901	11	13	0	32	4	2.0	10	0	22	NEE	39	41	30	15	3	46005	7	8058	1	45077	1486	158	22	47314	42	31	7	93319	GM1883
201.59881308391533 430.777896655337	Kaag en Braassem	417	1	6327	12	16	0	31	3	2.4	6	1	20	NEE	28	45	38	6	4	13363	5	7224	0	11092	574	897	22	13011	44	34	4	26374	GM1884
407.847153080928 702.7912503495801	Dantumadiel	223	0	8491	12	17	0	29	2	2.4	5	0	21	NEE	29	46	39	2	5	9536	6	8753	0	7741	444	262	21	9406	43	33	2	18942	GM1891
197.67462293247613 382.3283379293403	Zuidplas	695	2	5964	12	18	1	30	3	2.4	7	1	18	NEE	27	46	41	8	3	20582	4	6405	0	16876	1161	441	22	20886	43	32	8	41468	GM1892
413.4775970772136 216.23245416732257	Peel en Maas	272	1	15937	11	15	0	31	2	2.4	5	0	21	NEE	27	46	38	7	4	21999	5	16135	1	17905	570	198	22	21348	43	35	4	43347	GM1894
569.1699375066237 684.3151876851018	Oldambt	168	0	22673	10	14	0	31	2	2.1	9	1	23	NEE	36	43	31	7	4	18914	7	29596	0	17931	830	6923	21	19194	41	33	3	38108	GM1895
421.4221617432971 533.2472848996416	Zwartewaterland	270	0	8267	14	21	0	25	2	2.6	4	0	16	NEE	26	48	43	3	4	11360	4	8786	0	8363	705	518	24	10949	43	31	2	22309	GM1896
340.86692265087254 635.8501333426026	Sdwest-Frysln	185	0	45536	11	17	0	29	3	2.2	7	0	21	NEE	34	41	34	5	4	42183	6	83871	0	36936	862	38335	21	41975	46	31	4	84158	GM1900
222.38577129937428 398.74580356946495	Bodegraven-Reeuwijk	446	3	7568	12	18	0	28	3	2.4	6	0	19	NEE	28	45	39	6	3	16901	5	8864	0	13730	1091	1296	22	16832	44	33	6	33733	GM1901
379.56597237766766 82.03215806128179	Eijsden-Margraten	327	0	7743	12	13	0	32	2	2.3	6	0	24	NEE	26	49	36	10	5	12594	6	7841	0	10781	448	98	20	12703	39	38	2	25297	GM1903
260.55788438852346 426.40428120188824	Stichtse Vecht	670	2	9625	11	17	1	31	4	2.3	8	2	19	NEE	32	42	38	9	3	31549	5	10682	1	27796	1168	1057	22	32901	45	30	9	64450	GM1904
361.3267480586946 684.8184323689935	Menameradiel	195	0	6884	11	17	0	31	1	2.3	6	0	20	NEE	29	45	36	4	5	6899	5	7003	0	5707	263	120	20	6555	44	34	2	13454	GM1908
251.7907944142127 589.8604159093792	Hollands Kroon	133	0	35761	12	16	0	30	2	2.3	7	0	20	NEE	29	45	37	7	5	24097	5	66220	0	20186	429	30459	22	23503	43	34	3	47600	GM1911
169.430967719124 405.56199218365344	Leidschendam-Voorburg	2286	2	3263	9	16	1	28	9	2.1	9	3	23	NEE	41	38	31	14	1	35818	6	3562	1	35999	2840	299	24	38786	47	28	16	74604	GM1916
121.9530506576927 320.5167442328573	Goeree-Overflakkee	186	0	26192	11	17	0	30	2	2.3	6	0	21	NEE	30	49	35	4	4	24042	6	42235	0	20429	621	16042	22	24611	39	35	2	48653	GM1924
169.13620673488467 387.3406522423196	Pijnacker-Nootdorp	1411	1	3732	12	21	1	29	5	2.6	6	3	14	NEE	25	43	47	8	3	26215	4	3862	1	20363	1452	130	23	26441	48	28	12	52656	GM1926
227.49678447950862 354.99753835225033	Molenwaard	247	0	11828	14	21	0	26	2	2.7	4	0	17	NEE	25	47	44	3	5	14838	5	12648	0	10757	444	820	22	14374	44	32	3	29212	GM1927
145.72257113943087 341.267480394595	Nissewaard	1026	1	8323	11	16	3	30	6	2.2	9	4	18	NEE	33	42	36	9	2	41803	5	9873	1	38691	2007	1550	24	43598	44	31	14	85401	GM1930
217.67274083975917 370.49426500043495	Krimpenerwaard	369	2	14966	13	17	0	29	3	2.4	6	0	20	NEE	30	46	36	5	4	27307	5	16131	0	23182	777	1165	22	27897	43	33	5	55204	GM1931
369.08612061269224 611.5150866533514	De Fryske Marren	147	0	35166	11	17	0	29	2	2.3	6	0	22	NEE	31	44	35	5	4	25988	6	54910	0	21953	543	19744	21	25597	44	34	3	51585	GM1940
279.442905718094 457.4789688239036	Gooise Meren	1368	2	4160	10	19	1	29	4	2.2	8	1	21	NEE	39	38	35	12	2	27398	6	7522	1	25494	1900	3361	21	29537	48	26	8	56935	GM1942
405.47845114939446 337.23438376566276	Berg en Dal	402	0	8649	11	14	0	32	2	2.2	7	0	23	NEE	34	43	33	10	4	17303	7	9331	0	15494	641	682	19	17461	43	33	4	34764	GM1945
336.7915716958011 279.9111931722129	Meierijstad	434	1	18410	12	16	0	30	3	2.4	6	1	19	NEE	29	44	38	7	4	40050	5	18552	2	33611	966	142	23	39814	44	33	6	79864	GM1948
446.15114056877684 361.8875281091683	Montferland	334	0	10570	11	14	0	32	2	2.3	6	0	22	NEE	28	46	36	8	4	17685	6	10664	1	15161	748	93	20	17631	41	35	3	35316	GM1955
542.5792329600381 676.3861440820044	Menterwolde	152	0	8025	11	15	0	34	2	2.2	8	0	20	NEE	30	44	35	4	5	6181	6	8162	0	5364	357	138	21	5981	42	35	3	12162	GM1987
